{
  "version": 1,
  "author": "Alin Coca",
  "editor": "wokwi",
  "parts": [
    { "type": "board-esp32-devkit-c-v4", "id": "esp", "top": 19.2, "left": 24.04, "attrs": {} },
    {
      "type": "wokwi-pushbutton-6mm",
      "id": "btn1",
      "top": 19.7,
      "left": -121.3,
      "rotate": 90,
      "attrs": { "color": "green", "xray": "1" }
    },
    {
      "type": "wokwi-pushbutton-6mm",
      "id": "btn2",
      "top": 77.3,
      "left": -121.3,
      "rotate": 90,
      "attrs": { "color": "green", "xray": "1" }
    },
    {
      "type": "wokwi-pushbutton-6mm",
      "id": "btn3",
      "top": 144.5,
      "left": -121.3,
      "rotate": 90,
      "attrs": { "color": "green", "xray": "1" }
    },
    {
      "type": "wokwi-pushbutton-6mm",
      "id": "btn4",
      "top": 77.3,
      "left": -63.7,
      "rotate": 90,
      "attrs": { "color": "green", "xray": "1" }
    },
    {
      "type": "wokwi-pushbutton-6mm",
      "id": "btn5",
      "top": 77.3,
      "left": -178.9,
      "rotate": 90,
      "attrs": { "color": "green", "xray": "1" }
    },
    {
      "type": "wokwi-resistor",
      "id": "r1",
      "top": 235.2,
      "left": -202.15,
      "rotate": 90,
      "attrs": { "value": "10000" }
    },
    {
      "type": "wokwi-resistor",
      "id": "r2",
      "top": 235.2,
      "left": -144.55,
      "rotate": 90,
      "attrs": { "value": "10000" }
    },
    {
      "type": "wokwi-resistor",
      "id": "r3",
      "top": 235.2,
      "left": -77.35,
      "rotate": 90,
      "attrs": { "value": "10000" }
    },
    {
      "type": "wokwi-resistor",
      "id": "r4",
      "top": 235.2,
      "left": -173.35,
      "rotate": 90,
      "attrs": { "value": "10000" }
    },
    {
      "type": "wokwi-resistor",
      "id": "r5",
      "top": 235.2,
      "left": -106.15,
      "rotate": 90,
      "attrs": { "value": "10000" }
    },
    {
      "type": "board-ssd1306",
      "id": "oled1",
      "top": 108.74,
      "left": 163.43,
      "attrs": { "i2cAddress": "0x3c" }
    }
  ],
  "connections": [
    [ "esp:TX", "$serialMonitor:RX", "", [] ],
    [ "esp:RX", "$serialMonitor:TX", "", [] ],
    [ "r2:1", "btn3:2.r", "green", [ "h0" ] ],
    [ "r1:1", "btn5:2.r", "green", [ "h0" ] ],
    [ "r5:1", "btn2:2.r", "green", [ "h0", "v-86.4", "h-38.4" ] ],
    [ "btn4:2.r", "r3:1", "green", [ "v96.8", "h9.2" ] ],
    [ "r4:1", "btn1:2.r", "green", [ "h0", "v-86.4", "h9.6", "v-76.8" ] ],
    [ "btn1:2.l", "esp:VP", "green", [ "v-19.2", "h124.4", "v28.8" ] ],
    [ "btn5:2.l", "esp:VN", "green", [ "v-86.4", "h172.4", "v86.4" ] ],
    [ "btn2:2.l", "esp:35", "green", [ "v-19.2", "h105.2", "v28.8" ] ],
    [ "btn4:2.l", "esp:33", "green", [ "v-9.6", "h38", "v48" ] ],
    [ "btn3:2.l", "esp:27", "green", [ "v-9.6", "h134", "v9.6" ] ],
    [ "btn2:1.r", "btn3:1.l", "green", [ "v0" ] ],
    [ "btn2:1.l", "btn1:1.r", "green", [ "v0" ] ],
    [ "btn2:1.r", "btn4:1.r", "green", [ "v10.4", "h57.6" ] ],
    [ "btn5:1.r", "btn2:1.r", "green", [ "v10.4", "h57.6" ] ],
    [ "btn3:1.r", "esp:GND.2", "green", [ "v10.4", "h67.2", "v-172.8", "h153.6" ] ],
    [ "esp:3V3", "r3:2", "green", [ "h-9.45", "v220.8" ] ],
    [ "r3:2", "r5:2", "green", [ "h0" ] ],
    [ "r5:2", "r2:2", "green", [ "h0" ] ],
    [ "r2:2", "r4:2", "green", [ "h0" ] ],
    [ "r4:2", "r1:2", "green", [ "h0" ] ],
    [ "oled1:SCL", "esp:22", "green", [ "v0" ] ],
    [ "oled1:GND", "esp:GND.2", "black", [ "v0" ] ],
    [ "esp:3V3", "oled1:VCC", "green", [ "h-9.45", "v-48", "h182.4" ] ],
    [ "oled1:SDA", "esp:21", "green", [ "v0" ] ]
  ],
  "dependencies": {}
}